epoch,time,train/box_loss,train/cls_loss,train/dfl_loss,metrics/precision(B),metrics/recall(B),metrics/mAP50(B),metrics/mAP50-95(B),val/box_loss,val/cls_loss,val/dfl_loss,lr/pg0,lr/pg1,lr/pg2
1,9661.51,1.70182,4.05087,1.92208,0.58956,0.13819,0.11443,0.04207,1.85952,4.23875,2.49068,0.000208046,0.000208046,0.000208046
2,9831.75,1.7068,3.14842,1.91501,0.25959,0.14519,0.14081,0.05498,1.87333,3.82368,2.45836,0.000408135,0.000408135,0.000408135
3,9309.65,1.70373,2.77528,1.89211,0.23315,0.1542,0.1407,0.0496,2.14796,3.9952,2.70659,0.000599974,0.000599974,0.000599974
4,19148.5,1.7545,2.77843,1.94739,0.25201,0.17129,0.16268,0.06355,1.81158,3.89789,2.36203,0.000587875,0.000587875,0.000587875
5,9362.89,1.67221,2.48479,1.86514,0.28877,0.18562,0.18947,0.069,1.9599,4.34572,2.57012,0.0005755,0.0005755,0.0005755
