epoch,time,train/box_loss,train/cls_loss,train/dfl_loss,metrics/precision(B),metrics/recall(B),metrics/mAP50(B),metrics/mAP50-95(B),val/box_loss,val/cls_loss,val/dfl_loss,lr/pg0,lr/pg1,lr/pg2
1,9661.51,1.70182,4.05087,1.92208,0.58956,0.13819,0.11443,0.04207,1.85952,4.23875,2.49068,0.000208046,0.000208046,0.000208046
2,9831.75,1.7068,3.14842,1.91501,0.25959,0.14519,0.14081,0.05498,1.87333,3.82368,2.45836,0.000408135,0.000408135,0.000408135
3,9309.65,1.70373,2.77528,1.89211,0.23315,0.1542,0.1407,0.0496,2.14796,3.9952,2.70659,0.000599974,0.000599974,0.000599974
4,19148.5,1.7545,2.77843,1.94739,0.25201,0.17129,0.16268,0.06355,1.81158,3.89789,2.36203,0.000587875,0.000587875,0.000587875
5,9362.89,1.67221,2.48479,1.86514,0.28877,0.18562,0.18947,0.069,1.9599,4.34572,2.57012,0.0005755,0.0005755,0.0005755
6,19711.7,1.65979,2.43446,1.86431,0.29424,0.24241,0.2361,0.0976,1.7679,3.9997,2.27545,0.000563125,0.000563125,0.000563125
7,27833.1,1.68051,2.37343,1.87365,0.28007,0.22594,0.23413,0.09066,1.83302,4.25872,2.37052,0.00055075,0.00055075,0.00055075
8,35881.3,1.65547,2.3185,1.8521,0.31581,0.25111,0.26421,0.11375,1.7555,4.06787,2.25421,0.000538375,0.000538375,0.000538375
9,43938.9,1.64621,2.23607,1.82875,0.35699,0.21766,0.26483,0.11491,1.69945,4.21236,2.18018,0.000526,0.000526,0.000526
